[
    {
        "section": "Разработчики",
        "disciplines": [
            {
                "discipline": "",
                "titles": [
                    {
                        "title": "Кодер",
                        "names": [
                            "DominosMersi"
                        ]
                    },
                    {
                        "title": "Левел-дизайнер",
                        "names": [
                            "comethinng",
							"Nxlone"
                        ]
                    },
                    {
                        "title": "Разработка ресурспака",
                        "names": [
							"wescon"
                        ]
					},
					{
                        "title": "",
                        "names": [
                            ""
                        ]
					},
					{
                        "title": "Отдельное спасибо",
                        "names": [
							""
                        ]
					},
					{
                        "title": "",
                        "names": [
                            ""
                        ]
					}

                ]
            }
        ]
    }
]