{
	"credit": "Made with Blockbench",
	"textures": {
		"0": "custom/model/decoration/box"
	},
	"elements": [
		{
			"from": [2, 0, 1],
			"to": [14, 8, 15],
			"rotation": {"angle": 0, "axis": "y", "origin": [8, 2, 8]},
			"faces": {
				"north": {"uv": [2.25, 6, 5.25, 8], "texture": "#0"},
				"east": {"uv": [0, 2.25, 2, 5.75], "rotation": 270, "texture": "#0"},
				"south": {"uv": [2.25, 6, 5.25, 8], "texture": "#0"},
				"west": {"uv": [0, 2.25, 2, 5.75], "rotation": 270, "texture": "#0"},
				"down": {"uv": [2.25, 2.25, 5.25, 5.75], "texture": "#0"}
			}
		},
		{
			"name": "cube inverted",
			"from": [2, 0, 15],
			"to": [14, 8, 1],
			"rotation": {"angle": 0, "axis": "y", "origin": [8, 2, 8]},
			"faces": {
				"north": {"uv": [2.25, 0, 5.25, 2], "texture": "#0"},
				"east": {"uv": [5.5, 2.25, 7.5, 5.75], "rotation": 270, "texture": "#0"},
				"south": {"uv": [2.25, 0, 5.25, 2], "texture": "#0"},
				"west": {"uv": [5.5, 2.25, 7.5, 5.75], "rotation": 270, "texture": "#0"},
				"down": {"uv": [2.25, 2.25, 5.25, 5.75], "texture": "#0"}
			}
		},
		{
			"from": [2, 2, 1],
			"to": [2, 8, 15],
			"rotation": {"angle": -22.5, "axis": "z", "origin": [2, 8, 8]},
			"faces": {
				"east": {"uv": [7.75, 2.25, 9.25, 5.75], "rotation": 270, "texture": "#0"},
				"west": {"uv": [7.75, 5.75, 9.25, 2.25], "rotation": 90, "texture": "#0"}
			}
		},
		{
			"from": [14, 2, 1],
			"to": [14, 8, 15],
			"rotation": {"angle": 22.5, "axis": "z", "origin": [14, 8, 8]},
			"faces": {
				"east": {"uv": [9.25, 2.25, 7.75, 5.75], "rotation": 270, "texture": "#0"},
				"west": {"uv": [7.75, 5.75, 9.25, 2.25], "rotation": 270, "texture": "#0"}
			}
		},
		{
			"from": [2, 1, 15],
			"to": [14, 8, 15],
			"rotation": {"angle": -22.5, "axis": "x", "origin": [8, 8, 15]},
			"faces": {
				"north": {"uv": [2.25, 10, 5.25, 8.25], "texture": "#0"},
				"south": {"uv": [5.5, 8.25, 8.5, 10], "texture": "#0"}
			}
		},
		{
			"from": [2, 1, 1],
			"to": [14, 8, 1],
			"rotation": {"angle": 22.5, "axis": "x", "origin": [8, 8, 1]},
			"faces": {
				"north": {"uv": [2.25, 10, 5.25, 8.25], "rotation": 180, "texture": "#0"},
				"south": {"uv": [5.5, 8.25, 8.5, 10], "rotation": 180, "texture": "#0"}
			}
		}
	],
	"display": {
		"thirdperson_righthand": {
			"rotation": [75, 45, 0],
			"translation": [0, 2.5, 0],
			"scale": [0.375, 0.375, 0.375]
		},
		"thirdperson_lefthand": {
			"rotation": [75, 45, 0],
			"translation": [0, 2.5, 0],
			"scale": [0.375, 0.375, 0.375]
		},
		"firstperson_righthand": {
			"rotation": [0, 45, 0],
			"scale": [0.4, 0.4, 0.4]
		},
		"firstperson_lefthand": {
			"rotation": [0, 225, 0],
			"scale": [0.4, 0.4, 0.4]
		},
		"ground": {
			"translation": [0, 3, 0],
			"scale": [0.25, 0.25, 0.25]
		},
		"gui": {
			"rotation": [30, 225, 0],
			"scale": [0.625, 0.625, 0.625]
		},
		"fixed": {
			"rotation": [-90, 0, 0],
			"translation": [0, 0, -16.1],
			"scale": [2, 2, 2]
		}
	}
}