{
	"textures": {
		"0": "custom/model/decoration/box"
	},
	"elements": [
		{
			"from": [2, 0, 1],
			"to": [14, 8, 15],
			"rotation": {"angle": 0, "axis": "y", "origin": [8, 2, 8]},
			"faces": {
				"north": {"uv": [5.5, 6, 8.5, 8], "texture": "#0"},
				"east": {"uv": [0, 2.25, 2, 5.75], "rotation": 90, "texture": "#0"},
				"south": {"uv": [5.5, 6, 8.5, 8], "texture": "#0"},
				"west": {"uv": [0, 2.25, 2, 5.75], "rotation": 90, "texture": "#0"},
				"up": {"uv": [2.25, 10.25, 5.25, 13.75], "texture": "#0"},
				"down": {"uv": [2.25, 2.25, 5.25, 5.75], "texture": "#0"}
			}
		}
	],
	"display": {
		"thirdperson_righthand": {
			"rotation": [75, 45, 0],
			"translation": [0, 2.5, 0],
			"scale": [0.375, 0.375, 0.375]
		},
		"thirdperson_lefthand": {
			"rotation": [75, 45, 0],
			"translation": [0, 2.5, 0],
			"scale": [0.375, 0.375, 0.375]
		},
		"firstperson_righthand": {
			"rotation": [0, 45, 0],
			"scale": [0.4, 0.4, 0.4]
		},
		"firstperson_lefthand": {
			"rotation": [0, 225, 0],
			"scale": [0.4, 0.4, 0.4]
		},
		"ground": {
			"translation": [0, 3, 0],
			"scale": [0.25, 0.25, 0.25]
		},
		"gui": {
			"rotation": [30, 225, 0],
			"scale": [0.625, 0.625, 0.625]
		},
		"fixed": {
			"rotation": [-90, 0, 0],
			"translation": [0, 0, -16.1],
			"scale": [2, 2, 2]
		}
	}
}