{
	"texture_size": [64, 64],
	"textures": {
		"0": "custom/model/decoration/computer"
	},
	"elements": [
		{
			"from": [3, 0, 8],
			"to": [13, 10, 12],
			"rotation": {"angle": 0, "axis": "y", "origin": [7, 0, 8]},
			"faces": {
				"north": {"uv": [0, 1.75, 2.5, 4.25], "rotation": 90, "texture": "#0"},
				"east": {"uv": [6.5, 0, 5.5, 2.5], "texture": "#0"},
				"south": {"uv": [0, 1.75, 2.5, 4.25], "rotation": 90, "texture": "#0"},
				"west": {"uv": [5.5, 0, 6.5, 2.5], "texture": "#0"},
				"up": {"uv": [5.5, 0, 6.5, 2.5], "rotation": 90, "texture": "#0"},
				"down": {"uv": [6.5, 0, 5.5, 2.5], "rotation": 90, "texture": "#0"}
			}
		},
		{
			"from": [4, 1, 7],
			"to": [12, 9, 8],
			"rotation": {"angle": 0, "axis": "y", "origin": [7, 0, 7.5]},
			"faces": {
				"north": {"uv": [0, 6.75, 2, 8.75], "texture": "#0"},
				"east": {"uv": [1.75, 6.75, 2, 8.75], "texture": "#0"},
				"west": {"uv": [1.75, 6.75, 2, 8.75], "texture": "#0"},
				"up": {"uv": [1.75, 6.75, 2, 8.75], "rotation": 90, "texture": "#0"},
				"down": {"uv": [1.75, 6.75, 2, 8.75], "rotation": 90, "texture": "#0"}
			}
		},
		{
			"from": [5, 0, 2],
			"to": [15, 1, 6],
			"rotation": {"angle": 0, "axis": "y", "origin": [9, 0, 2]},
			"faces": {
				"north": {"uv": [0.5, 0, 3, 0.25], "texture": "#0"},
				"east": {"uv": [0, 0.5, 0.25, 1.5], "rotation": 270, "texture": "#0"},
				"south": {"uv": [0.5, 0, 3, 0.25], "texture": "#0"},
				"west": {"uv": [5.75, 1.25, 6, 2.25], "rotation": 90, "texture": "#0"},
				"up": {"uv": [0.5, 0.5, 3, 1.5], "rotation": 180, "texture": "#0"},
				"down": {"uv": [0.5, 1, 0.75, 0.75], "texture": "#0"}
			}
		},
		{
			"from": [0.35, 0, 2.1],
			"to": [2.35, 1, 5.1],
			"rotation": {"angle": 22.5, "axis": "y", "origin": [4.35, 0, 2.1]},
			"faces": {
				"north": {"uv": [3.25, 2.25, 3.75, 2.5], "texture": "#0"},
				"east": {"uv": [2.75, 2.75, 3, 3.5], "rotation": 270, "texture": "#0"},
				"south": {"uv": [3.25, 2.25, 3.75, 2.5], "texture": "#0"},
				"west": {"uv": [2.75, 2.75, 3, 3.5], "rotation": 90, "texture": "#0"},
				"up": {"uv": [3.25, 2.75, 3.75, 3.5], "rotation": 180, "texture": "#0"},
				"down": {"uv": [3.5, 2.75, 3.75, 3], "texture": "#0"}
			}
		},
		{
			"from": [4.4, 4, 13],
			"to": [4.4, 4.8, 13.8],
			"rotation": {"angle": 0, "axis": "y", "origin": [0.4, -1, 0]},
			"faces": {
				"north": {"uv": [9.25, 6.5, 9.45, 6.5], "rotation": 90, "texture": "#0"},
				"south": {"uv": [10, 7, 10, 7.2], "texture": "#0"},
				"west": {"uv": [9.25, 7, 9.45, 7.2], "texture": "#0"},
				"up": {"uv": [9.25, 6.5, 9.45, 6.5], "rotation": 90, "texture": "#0"},
				"down": {"uv": [10, 7, 10.2, 7], "rotation": 90, "texture": "#0"}
			}
		},
		{
			"from": [4.4, 5, 13],
			"to": [4.4, 5.8, 13.8],
			"faces": {
				"north": {"uv": [9.25, 5.25, 9.45, 5.25], "rotation": 90, "texture": "#0"},
				"south": {"uv": [10, 5.75, 10, 5.95], "texture": "#0"},
				"west": {"uv": [9.25, 5.75, 9.45, 5.95], "texture": "#0"},
				"up": {"uv": [9.25, 5.25, 9.45, 5.25], "rotation": 90, "texture": "#0"},
				"down": {"uv": [10, 5.75, 10.2, 5.75], "rotation": 90, "texture": "#0"}
			}
		},
		{
			"from": [4, 0, 12],
			"to": [12, 8, 15],
			"rotation": {"angle": 0, "axis": "y", "origin": [7.5, 0, 11]},
			"faces": {
				"east": {"uv": [5.25, 2, 4.5, 0], "texture": "#0"},
				"south": {"uv": [0, 4.5, 2, 6.5], "texture": "#0"},
				"west": {"uv": [4.5, 2, 5.25, 0], "texture": "#0"},
				"up": {"uv": [3.5, 0, 4.25, 2], "rotation": 90, "texture": "#0"},
				"down": {"uv": [4.25, 0, 3.5, 2], "rotation": 90, "texture": "#0"}
			}
		},
		{
			"from": [7, 2, 15.11],
			"to": [10.25, 4, 15.11],
			"rotation": {"angle": 0, "axis": "y", "origin": [7.5, 0.75, 11.101]},
			"faces": {
				"east": {"uv": [9.25, 8.75, 10, 9.25], "texture": "#0"},
				"south": {"uv": [0, 9.75, 0.8125, 10.25], "texture": "#0"},
				"west": {"uv": [9.25, 8.75, 10, 9.25], "texture": "#0"},
				"up": {"uv": [9.25, 8.75, 10, 9.5625], "rotation": 90, "texture": "#0"},
				"down": {"uv": [9.25, 8.75, 10, 9.5625], "rotation": 90, "texture": "#0"}
			}
		}
	],
	"display": {
		"firstperson_righthand": {
			"rotation": [0, 180, 0],
			"translation": [-8.25, 13, 0]
		},
		"firstperson_lefthand": {
			"rotation": [0, 180, 0],
			"translation": [-9.75, 13, 0]
		},
		"ground": {
			"translation": [0, 2, 0],
			"scale": [0.5, 0.5, 0.5]
		},
		"gui": {
			"rotation": [26, 180, 6],
			"translation": [0, 3.25, 0]
		},
		"fixed": {
			"rotation": [-90, 0, 0],
			"translation": [0, 0, -16],
			"scale": [2, 2, 2]
		}
	}
}