{
	"textures": {
		"0": "custom/model/decoration/iron_rack"
	},
	"elements": [
		{
			"name": "cube inverted",
			"from": [-9, -16, 13],
			"to": [-11, 32, 15],
			"rotation": {"angle": 0, "axis": "y", "origin": [5, 8, 8]},
			"faces": {
				"east": {"uv": [0, 0, 0.5, 12], "texture": "#0"},
				"south": {"uv": [0.5, 12, 0, 0], "texture": "#0"}
			}
		},
		{
			"name": "cube inverted",
			"from": [-11, -16, 3],
			"to": [-9, 32, 1],
			"rotation": {"angle": 0, "axis": "y", "origin": [5, 8, 8]},
			"faces": {
				"south": {"uv": [0, 0, 0.5, 12], "texture": "#0"},
				"west": {"uv": [0.5, 12, 0, 0], "texture": "#0"}
			}
		},
		{
			"name": "cube inverted",
			"from": [27, -16, 1],
			"to": [25, 32, 3],
			"rotation": {"angle": 0, "axis": "y", "origin": [11, 8, 8]},
			"faces": {
				"north": {"uv": [0.5, 12, 0, 0], "texture": "#0"},
				"west": {"uv": [0, 0, 0.5, 12], "texture": "#0"}
			}
		},
		{
			"name": "cube inverted",
			"from": [25, -16, 15],
			"to": [27, 32, 13],
			"rotation": {"angle": 0, "axis": "y", "origin": [11, 8, 8]},
			"faces": {
				"north": {"uv": [0, 0, 0.5, 12], "texture": "#0"},
				"east": {"uv": [0.5, 12, 0, 0], "texture": "#0"}
			}
		},
		{
			"from": [-11, -16, 13],
			"to": [-9, 32, 15],
			"rotation": {"angle": 0, "axis": "y", "origin": [5, 8, 8]},
			"faces": {
				"south": {"uv": [0.5, 0, 0, 12], "texture": "#0"},
				"west": {"uv": [0, 12, 0.5, 0], "texture": "#0"}
			}
		},
		{
			"from": [-11, -16, 1],
			"to": [-9, 32, 3],
			"rotation": {"angle": 0, "axis": "y", "origin": [5, 8, 8]},
			"faces": {
				"north": {"uv": [0, 12, 0.5, 0], "texture": "#0"},
				"west": {"uv": [0.5, 0, 0, 12], "texture": "#0"}
			}
		},
		{
			"from": [25, -16, 1],
			"to": [27, 32, 3],
			"rotation": {"angle": 0, "axis": "y", "origin": [11, 8, 8]},
			"faces": {
				"north": {"uv": [0.5, 0, 0, 12], "texture": "#0"},
				"east": {"uv": [0, 12, 0.5, 0], "texture": "#0"}
			}
		},
		{
			"from": [25, -16, 13],
			"to": [27, 32, 15],
			"rotation": {"angle": 0, "axis": "y", "origin": [11, 8, 8]},
			"faces": {
				"east": {"uv": [0.5, 0, 0, 12], "texture": "#0"},
				"south": {"uv": [0, 12, 0.5, 0], "texture": "#0"}
			}
		},
		{
			"from": [26.9, -16, 3],
			"to": [26.9, 32, 13],
			"rotation": {"angle": 0, "axis": "y", "origin": [10.9, 8, 8]},
			"faces": {
				"north": {"uv": [0, 0, 0, 12], "texture": "#0"},
				"east": {"uv": [0.75, 0, 3.25, 12], "texture": "#0"},
				"south": {"uv": [0, 0, 0, 12], "texture": "#0"},
				"west": {"uv": [3.25, 0, 0.75, 12], "texture": "#0"},
				"up": {"uv": [0, 0, 0, 2.5], "texture": "#0"},
				"down": {"uv": [0, 0, 0, 2.5], "texture": "#0"}
			}
		},
		{
			"from": [-10.9, -16, 3],
			"to": [-10.9, 32, 13],
			"rotation": {"angle": 0, "axis": "y", "origin": [5.1, 8, 8]},
			"faces": {
				"north": {"uv": [0, 0, 0, 12], "texture": "#0"},
				"east": {"uv": [0.75, 0, 3.25, 12], "texture": "#0"},
				"south": {"uv": [0, 0, 0, 12], "texture": "#0"},
				"west": {"uv": [3.25, 0, 0.75, 12], "texture": "#0"},
				"up": {"uv": [0, 0, 0, 2.5], "texture": "#0"},
				"down": {"uv": [0, 0, 0, 2.5], "texture": "#0"}
			}
		},
		{
			"from": [-11, 31, 1],
			"to": [27, 32, 15],
			"rotation": {"angle": 0, "axis": "y", "origin": [8, 9, 0]},
			"faces": {
				"north": {"uv": [3.5, 3.75, 13, 4], "texture": "#0"},
				"east": {"uv": [13.25, 0, 13.5, 3.5], "rotation": 90, "texture": "#0"},
				"south": {"uv": [3.5, 3.75, 13, 4], "texture": "#0"},
				"west": {"uv": [13.25, 0, 13.5, 3.5], "rotation": 90, "texture": "#0"},
				"up": {"uv": [3.5, 0, 13, 3.5], "texture": "#0"},
				"down": {"uv": [3.5, 0, 13, 3.5], "texture": "#0"}
			}
		},
		{
			"from": [-11, 24, 1],
			"to": [27, 25, 15],
			"rotation": {"angle": 0, "axis": "y", "origin": [8, 10, 8]},
			"faces": {
				"north": {"uv": [3.5, 3.75, 13, 4], "texture": "#0"},
				"east": {"uv": [13.25, 0, 13.5, 3.5], "rotation": 90, "texture": "#0"},
				"south": {"uv": [3.5, 3.75, 13, 4], "texture": "#0"},
				"west": {"uv": [13.25, 0, 13.5, 3.5], "rotation": 90, "texture": "#0"},
				"up": {"uv": [3.5, 0, 13, 3.5], "texture": "#0"},
				"down": {"uv": [3.5, 0, 13, 3.5], "texture": "#0"}
			}
		},
		{
			"from": [-11, 17, 1],
			"to": [27, 18, 15],
			"rotation": {"angle": 0, "axis": "y", "origin": [8, 13, 8]},
			"faces": {
				"north": {"uv": [3.5, 3.75, 13, 4], "texture": "#0"},
				"east": {"uv": [13.25, 0, 13.5, 3.5], "rotation": 90, "texture": "#0"},
				"south": {"uv": [3.5, 3.75, 13, 4], "texture": "#0"},
				"west": {"uv": [13.25, 0, 13.5, 3.5], "rotation": 90, "texture": "#0"},
				"up": {"uv": [3.5, 0, 13, 3.5], "texture": "#0"},
				"down": {"uv": [3.5, 0, 13, 3.5], "texture": "#0"}
			}
		},
		{
			"from": [-11, -1, 1],
			"to": [27, 0, 15],
			"rotation": {"angle": 0, "axis": "y", "origin": [8, 4, 8]},
			"faces": {
				"north": {"uv": [3.5, 3.75, 13, 4], "texture": "#0"},
				"east": {"uv": [13.25, 0, 13.5, 3.5], "rotation": 90, "texture": "#0"},
				"south": {"uv": [3.5, 3.75, 13, 4], "texture": "#0"},
				"west": {"uv": [13.25, 0, 13.5, 3.5], "rotation": 90, "texture": "#0"},
				"up": {"uv": [3.5, 0, 13, 3.5], "texture": "#0"},
				"down": {"uv": [3.5, 0, 13, 3.5], "texture": "#0"}
			}
		},
		{
			"from": [-11, -8, 1],
			"to": [27, -7, 15],
			"rotation": {"angle": 0, "axis": "y", "origin": [8, 6, 8]},
			"faces": {
				"north": {"uv": [3.5, 3.75, 13, 4], "texture": "#0"},
				"east": {"uv": [13.25, 0, 13.5, 3.5], "rotation": 90, "texture": "#0"},
				"south": {"uv": [3.5, 3.75, 13, 4], "texture": "#0"},
				"west": {"uv": [13.25, 0, 13.5, 3.5], "rotation": 90, "texture": "#0"},
				"up": {"uv": [3.5, 0, 13, 3.5], "texture": "#0"},
				"down": {"uv": [3.5, 0, 13, 3.5], "texture": "#0"}
			}
		},
		{
			"from": [-11, -15, 1],
			"to": [27, -14, 15],
			"rotation": {"angle": 0, "axis": "y", "origin": [8, 8, 8]},
			"faces": {
				"north": {"uv": [3.5, 3.75, 13, 4], "texture": "#0"},
				"east": {"uv": [13.25, 0, 13.5, 3.5], "rotation": 90, "texture": "#0"},
				"south": {"uv": [3.5, 3.75, 13, 4], "texture": "#0"},
				"west": {"uv": [13.25, 0, 13.5, 3.5], "rotation": 90, "texture": "#0"},
				"up": {"uv": [3.5, 0, 13, 3.5], "texture": "#0"},
				"down": {"uv": [3.5, 0, 13, 3.5], "texture": "#0"}
			}
		}
	],
	"display": {
		"thirdperson_righthand": {
			"rotation": [75, 45, 0],
			"translation": [0, 2.5, 0],
			"scale": [0.375, 0.375, 0.375]
		},
		"thirdperson_lefthand": {
			"rotation": [75, 45, 0],
			"translation": [0, 2.5, 0],
			"scale": [0.375, 0.375, 0.375]
		},
		"firstperson_righthand": {
			"rotation": [0, 45, 0],
			"scale": [0.4, 0.4, 0.4]
		},
		"firstperson_lefthand": {
			"rotation": [0, 225, 0],
			"scale": [0.4, 0.4, 0.4]
		},
		"ground": {
			"translation": [0, 3, 0],
			"scale": [0.25, 0.25, 0.25]
		},
		"gui": {
			"rotation": [30, 225, 0],
			"scale": [0.25, 0.25, 0.25]
		},
		"fixed": {
			"rotation": [-90, 0, 0],
			"translation": [-16, 0, -48],
			"scale": [2, 2, 2]
		}
	}
}