{
	"textures": {
		"0": "custom/model/decoration/terminal_static",
		"1": "custom/model/decoration/terminal_dynamic"
	},
	"elements": [
		{
			"from": [1, 0, 1],
			"to": [15, 2, 15],
			"rotation": {"angle": 0, "axis": "y", "origin": [16, 0, 0]},
			"faces": {
				"north": {"uv": [0, 12.25, 4, 12.75], "texture": "#0"},
				"east": {"uv": [0, 12.25, 4, 12.75], "texture": "#0"},
				"south": {"uv": [0, 12.25, 4, 12.75], "texture": "#0"},
				"west": {"uv": [0, 12.25, 4, 12.75], "texture": "#0"},
				"up": {"uv": [4.25, 6.75, 7.75, 10.25], "rotation": 90, "texture": "#0"},
				"down": {"uv": [0, 8, 4, 12], "rotation": 270, "texture": "#0"}
			}
		},
		{
			"from": [4, 2, 4],
			"to": [12, 19, 12],
			"rotation": {"angle": 0, "axis": "y", "origin": [12, 3, 3]},
			"faces": {
				"north": {"uv": [8.75, 0, 10.75, 4.25], "texture": "#0"},
				"east": {"uv": [6.5, 0, 8.5, 4.25], "texture": "#0"},
				"south": {"uv": [4.25, 0, 6.25, 4.25], "texture": "#0"},
				"west": {"uv": [8.5, 0, 6.5, 4.25], "texture": "#0"},
				"up": {"uv": [4.25, 4.5, 6.25, 6.5], "texture": "#0"}
			}
		},
		{
			"from": [5, 7, 12.2],
			"to": [11, 15, 12.2],
			"rotation": {"angle": 0, "axis": "y", "origin": [12, 3, 3]},
			"faces": {
				"south": {"uv": [6.5, 4.5, 8, 6.5], "texture": "#0"}
			}
		},
		{
			"from": [8, 11, 12.3],
			"to": [10, 12, 12.3],
			"rotation": {"angle": 0, "axis": "y", "origin": [12, 3, 3]},
			"faces": {
				"south": {"uv": [7.5, 4.5, 7.75, 4.75], "texture": "#0"}
			}
		},
		{
			"from": [14, 11, 1],
			"to": [16, 26, 3],
			"rotation": {"angle": 22.5, "axis": "x", "origin": [16, 12, 3]},
			"faces": {
				"north": {"uv": [0, 0, 0.5, 3.75], "texture": "#0"},
				"east": {"uv": [0, 12.25, 3.75, 12.75], "rotation": 90, "texture": "#0"},
				"south": {"uv": [3.5, 4, 4, 7.75], "texture": "#0"},
				"west": {"uv": [3.75, 12.25, 0, 12.75], "rotation": 270, "texture": "#0"},
				"up": {"uv": [4, 12.75, 3.5, 12.25], "rotation": 180, "texture": "#0"},
				"down": {"uv": [0.5, 12.25, 0, 12.75], "rotation": 180, "texture": "#0"}
			}
		},
		{
			"from": [0, 11, 1],
			"to": [2, 26, 3],
			"rotation": {"angle": 22.5, "axis": "x", "origin": [16, 12, 3]},
			"faces": {
				"north": {"uv": [3.5, 0, 4, 3.75], "texture": "#0"},
				"east": {"uv": [0, 12.25, 3.75, 12.75], "rotation": 90, "texture": "#0"},
				"south": {"uv": [0, 4, 0.5, 7.75], "texture": "#0"},
				"west": {"uv": [3.75, 12.25, 0, 12.75], "rotation": 270, "texture": "#0"},
				"up": {"uv": [0.5, 12.75, 0, 12.25], "rotation": 180, "texture": "#0"},
				"down": {"uv": [4, 12.25, 3.5, 12.75], "rotation": 180, "texture": "#0"}
			}
		},
		{
			"from": [2, 11, 1],
			"to": [14, 15, 3],
			"rotation": {"angle": 22.5, "axis": "x", "origin": [16, 12, 3]},
			"faces": {
				"north": {"uv": [0.5, 2.75, 3.5, 3.75], "texture": "#0"},
				"south": {"uv": [0.5, 6.75, 3.5, 7.75], "texture": "#0"},
				"up": {"uv": [3.5, 12.25, 0.5, 12.75], "texture": "#0"},
				"down": {"uv": [3.5, 12.25, 0.5, 12.75], "rotation": 180, "texture": "#0"}
			}
		},
		{
			"from": [13, 12, 0.9],
			"to": [14, 13, 0.9],
			"rotation": {"angle": 22.5, "axis": "x", "origin": [16, 12, 3]},
			"faces": {
				"north": {"uv": [0, 15, 1, 14], "texture": "#1"},
				"south": {"uv": [0, 0, 0, 0], "texture": "#1"}
			}
		},
		{
			"from": [2, 24, 1],
			"to": [14, 26, 3],
			"rotation": {"angle": 22.5, "axis": "x", "origin": [16, 12, 3]},
			"faces": {
				"north": {"uv": [0.5, 0, 3.5, 0.5], "texture": "#0"},
				"south": {"uv": [0.5, 4, 3.5, 4.5], "texture": "#0"},
				"up": {"uv": [3.5, 12.75, 0.5, 12.25], "rotation": 180, "texture": "#0"},
				"down": {"uv": [3.5, 12.25, 0.5, 12.75], "rotation": 180, "texture": "#0"}
			}
		},
		{
			"from": [2, 15, 3],
			"to": [14, 24, 3],
			"rotation": {"angle": 22.5, "axis": "x", "origin": [16, 12, 3]},
			"faces": {
				"south": {"uv": [0.5, 4.5, 3.5, 6.75], "texture": "#0"}
			}
		},
		{
			"from": [1, 21.8, 4],
			"to": [4, 24.8, 4],
			"rotation": {"angle": 22.5, "axis": "x", "origin": [13, 14, 4]},
			"faces": {
				"south": {"uv": [8.25, 4.5, 9, 5.25], "texture": "#0"}
			}
		},
		{
			"from": [13, 8.9, 4.2],
			"to": [14, 14.9, 4.2],
			"rotation": {"angle": 0, "axis": "y", "origin": [16, 1, 0]},
			"faces": {
				"north": {"uv": [9.25, 4.5, 9.75, 4.75], "rotation": 270, "texture": "#0"},
				"south": {"uv": [9.25, 4.5, 9.75, 4.75], "rotation": 90, "texture": "#0"}
			}
		},
		{
			"from": [13, -0.8, 6.91],
			"to": [14, 6.7, 6.91],
			"rotation": {"angle": -22.5, "axis": "x", "origin": [16, 1, 0]},
			"faces": {
				"north": {"uv": [9.25, 4.5, 9.75, 4.75], "rotation": 90, "texture": "#0"},
				"south": {"uv": [9.25, 4.5, 9.75, 4.75], "rotation": 270, "texture": "#0"}
			}
		},
		{
			"from": [13, 2.01, 7.05],
			"to": [14, 2.01, 13.55],
			"rotation": {"angle": 0, "axis": "z", "origin": [16, -4.9, 12.3]},
			"faces": {
				"up": {"uv": [9.25, 4.5, 9.75, 4.75], "rotation": 90, "texture": "#0"}
			}
		},
		{
			"name": "cube inverted inverted",
			"from": [14, 24.3, -2.6],
			"to": [2, 15.3, -3.6],
			"rotation": {"angle": 22.5, "axis": "x", "origin": [0, 1, 0]},
			"faces": {
				"north": {"uv": [12, 9, 0, 0], "texture": "#1"}
			}
		}
	],
	"display": {
		"thirdperson_righthand": {
			"rotation": [75, 45, 0],
			"translation": [0, 2.5, 0],
			"scale": [0.375, 0.375, 0.375]
		},
		"thirdperson_lefthand": {
			"rotation": [75, 45, 0],
			"translation": [0, 2.5, 0],
			"scale": [0.375, 0.375, 0.375]
		},
		"firstperson_righthand": {
			"rotation": [0, 45, 0],
			"scale": [0.4, 0.4, 0.4]
		},
		"firstperson_lefthand": {
			"rotation": [0, 225, 0],
			"scale": [0.4, 0.4, 0.4]
		},
		"ground": {
			"translation": [0, 3, 0],
			"scale": [0.25, 0.25, 0.25]
		},
		"gui": {
			"rotation": [30, 225, 0],
			"scale": [0.625, 0.625, 0.625]
		},
		"fixed": {
			"rotation": [-90, 0, 0],
			"translation": [0, 0, -16],
			"scale": [2, 2, 2]
		}
	}
}