{
	"parent": "minecraft:item/generated",
	"textures": {
		"layer0": "minecraft:item/firework_star",
		"layer1":"minecraft:item/firework_star_overlay"
	},
	"overrides": [
		{ 
			"predicate": {
				"custom_model_data": 1
		},
		"model": "custom/model/decoration/glow_0"
		},
		{ 
			"predicate": {
				"custom_model_data": 2
		},
		"model": "custom/model/decoration/glow_1"
		},
		{ 
			"predicate": {
				"custom_model_data": 3
		},
		"model": "custom/model/decoration/glow_2"
		},
		{ 
			"predicate": {
				"custom_model_data": 4
		},
		"model": "custom/model/decoration/glow_3"
		},
		{ 
			"predicate": {
				"custom_model_data": 5
		},
		"model": "custom/model/decoration/glow_4"
		},
		{ 
			"predicate": {
				"custom_model_data": 6
		},
		"model": "custom/model/decoration/glow_5"
		},
		{ 
			"predicate": {
				"custom_model_data": 7
		},
		"model": "custom/model/decoration/glow_6"
		},
		{ 
			"predicate": {
				"custom_model_data": 8
		},
		"model": "custom/model/decoration/glow_7"
		},
		{ 
			"predicate": {
				"custom_model_data": 9
		},
		"model": "custom/model/decoration/glow_8"
		},
		{ 
			"predicate": {
				"custom_model_data": 10
		},
		"model": "custom/model/decoration/glow_9"
		}
	]
}