{
	"parent": "minecraft:item/generated",
	"textures": {
		"layer0": "minecraft:item/paper"
	},
	"overrides": [
		{
			"predicate": {
				"custom_model_data": 1
		},
		"model": "custom/item/slot_blank"
		},
	
		{
			"predicate": {
				"custom_model_data": 2
		},
		"model": "custom/item/button"
		},
		{
			"predicate": {
				"custom_model_data": 3
		},
		"model": "custom/item/button_not_available"
		},
		{
			"predicate": {
				"custom_model_data": 4
		},
		"model": "custom/item/slide1"
		},
		{
			"predicate": {
				"custom_model_data": 5
		},
		"model": "custom/item/slide1_not_available"
		},
		{
			"predicate": {
				"custom_model_data": 6
		},
		"model": "custom/item/slide2"
		},
		{
			"predicate": {
				"custom_model_data": 7
		},
		"model": "custom/item/slide2_not_available"
		},
	
	
	
		{
			"predicate": {
				"custom_model_data": 8
		},
		"model": "custom/ui/menu/continue_button"
		},
		{
			"predicate": {
				"custom_model_data": 9
		},
		"model": "custom/ui/menu/new_game_button"
		},
		{
			"predicate": {
				"custom_model_data": 10
		},
		"model": "custom/ui/menu/settings_button"
		},
		{
			"predicate": {
				"custom_model_data": 11
		},
		"model": "custom/ui/menu/chapter_selection_button"
		},
		{
			"predicate": {
				"custom_model_data": 12
		},
		"model": "custom/ui/menu/credits_button"
		},
		{
			"predicate": {
				"custom_model_data": 13
		},
		"model": "custom/ui/menu/exit_button"
		},
		{
			"predicate": {
				"custom_model_data": 14
		},
		"model": "custom/ui/menu/experienced_demo"
		},
		{
			"predicate": {
				"custom_model_data": 15
		},
		"model": "custom/ui/menu/newbie_demo"
		},
		{
			"predicate": {
				"custom_model_data": 16
		},
		"model": "custom/ui/menu/experienced"
		},
		{
			"predicate": {
				"custom_model_data": 17
		},
		"model": "custom/ui/menu/newbie"
		},
		{
			"predicate": {
				"custom_model_data": 18
		},
		"model": "custom/ui/pause/continue_button"
		},
		{
			"predicate": {
				"custom_model_data": 19
		},
		"model": "custom/ui/pause/exit_to_menu_button"
		},
		{
			"predicate": {
				"custom_model_data": 20
		},
		"model": "custom/ui/pause/background"
		},
		{
			"predicate": {
				"custom_model_data": 21
		},
		"model": "custom/ui/logo"
		},
		{
			"predicate": {
				"custom_model_data": 22
		},
		"model": "custom/ui/pause/main"
		},
		
		
		
		{
			"predicate": {
				"custom_model_data": 101
		},
		"model": "custom/model/decoration/terminal"
		},
		{
			"predicate": {
				"custom_model_data": 102
		},
		"model": "custom/model/decoration/box_1"
		},
		{
			"predicate": {
				"custom_model_data": 103
		},
		"model": "custom/model/decoration/box_2"
		},
		{
			"predicate": {
				"custom_model_data": 104
		},
		"model": "custom/model/decoration/iron_rack"
		},
		{
			"predicate": {
				"custom_model_data": 105
		},
		"model": "custom/model/decoration/computer"
		},

		{
			"predicate": {
				"custom_model_data": 1001
		},
		"model": "custom/test/camera"
		}
	]
}
