{
	"providers": [
        {
            "type": "reference",
            "id": "minecraft:include/space"
        },
		
		{
			"type": "bitmap",
			"file": "minecraft:custom/ui/controls/left_mouse.png",
			"ascent": 10,
			"height": 14,
			"chars": ["ꔀ"]
		},
		{
			"type": "bitmap",
			"file": "minecraft:custom/ui/controls/middle_mouse.png",
			"ascent": 10,
			"height": 14,
			"chars": ["ꔁ"]
		},
		{
			"type": "bitmap",
			"file": "minecraft:custom/ui/controls/right_mouse.png",
			"ascent": 10,
			"height": 14,
			"chars": ["ꔂ"]
		},
		{
			"type": "bitmap",
			"file": "minecraft:custom/ui/controls/e.png",
			"ascent": 10,
			"height": 13,
			"chars": ["ꔃ"]
		},
		{
			"type": "bitmap",
			"file": "minecraft:custom/ui/controls/f.png",
			"ascent": 10,
			"height": 13,
			"chars": ["ꔄ"]
		},
		{
			"type": "bitmap",
			"file": "minecraft:custom/ui/controls/q.png",
			"ascent": 10,
			"height": 13,
			"chars": ["ꔅ"]
		},
		{
			"type": "bitmap",
			"file": "minecraft:custom/ui/controls/shift.png",
			"ascent": 10,
			"height": 13,
			"chars": ["ꔆ"]
		},
		{
			"type": "bitmap",
			"file": "minecraft:custom/ui/controls/space.png",
			"ascent": 10,
			"height": 13,
			"chars": ["ꔇ"]
		},
		{
			"type": "bitmap",
			"file": "minecraft:custom/ui/controls/tab.png",
			"ascent": 10,
			"height": 13,
			"chars": ["ꔈ"]
		},
		{
			"type": "bitmap",
			"file": "minecraft:custom/ui/controls/ctrl.png",
			"ascent": 10,
			"height": 13,
			"chars": ["ꖼ"]
		},
		
		{
			"type": "bitmap",
			"file": "minecraft:custom/ui/icons.png",
			"ascent": 8,
			"height": 9,
			"chars": ["ꔉꔔꔕ"]
		},
		
		{
			"type": "bitmap",
			"file": "minecraft:custom/ui/black_box.png",
			"ascent": 500,
			"height": 1000,
			"chars": ["ꔳ"]
		},

		{
			"type": "bitmap",
			"file": "minecraft:custom/ui/clueless.png",
			"ascent": 10,
			"height": 13,
			"chars": ["ꖐ"]
		},
		{
			"type": "bitmap",
			"file": "minecraft:custom/ui/trollface.png",
			"ascent": 10,
			"height": 13,
			"chars": ["ꖑ"]
		},
		{
			"type": "bitmap",
			"file": "minecraft:custom/ui/icant.png",
			"ascent": 10,
			"height": 13,
			"chars": ["ꖒ"]
		},

		{
			"type": "bitmap",
			"file": "minecraft:custom/ui/inventory.png",
			"ascent": 13,
			"height": 256,
			"chars": ["ꘛ"]
		}
	]
}