{
	"providers": [
        {
            "type": "reference",
            "id": "minecraft:include/space"
        },
		
		{
			"type": "bitmap",
			"file": "minecraft:custom/ui/hint/change_of_axis.png",
			"ascent": -180,
			"height": 256,
			"chars": ["ꔀ"]
		},
		{
			"type": "bitmap",
			"file": "minecraft:custom/ui/hint/movement.png",
			"ascent": -180,
			"height": 256,
			"chars": ["ꔁ"]
		},
		{
			"type": "bitmap",
			"file": "minecraft:custom/ui/hint/jumping.png",
			"ascent": -180,
			"height": 256,
			"chars": ["ꔂ"]
		}
	]
}